hotel_name,url
"伊豆マリオットホテル修善寺","https://review.travel.rakuten.co.jp/hotel/voice/157934/?f_time=&f_keyword=&f_age=0&f_sex=0&f_mem1=0&f_mem2=0&f_mem3=0&f_mem4=0&f_mem5=0&f_teikei=&f_version=2&f_static=1&f_point=0&f_sort=0&f_jrdp=0&f_next=0"
"リブマックスリゾート伊豆高原","https://review.travel.rakuten.co.jp/hotel/voice/166580/?f_time=&f_keyword=&f_age=0&f_sex=0&f_mem1=0&f_mem2=0&f_mem3=0&f_mem4=0&f_mem5=0&f_teikei=&f_version=2&f_static=1&f_point=0&f_sort=0&f_jrdp=0&f_next=0"
"亀の井ホテル 伊豆高原","https://review.travel.rakuten.co.jp/hotel/voice/180634/?f_time=&f_keyword=&f_age=0&f_sex=0&f_mem1=0&f_mem2=0&f_mem3=0&f_mem4=0&f_mem5=0&f_teikei=&f_version=2&f_static=1&f_point=0&f_sort=0&f_jrdp=0&f_next=0"
"伊豆高原わんわんパラダイスホテル＆コテージ","https://review.travel.rakuten.co.jp/hotel/voice/109107/?f_time=&f_keyword=&f_age=0&f_sex=0&f_mem1=0&f_mem2=0&f_mem3=0&f_mem4=0&f_mem5=0&f_teikei=&f_version=2&f_static=1&f_point=0&f_sort=0&f_jrdp=0&f_next=0"
"ウブドの森 伊豆高原","https://review.travel.rakuten.co.jp/hotel/voice/149814/?f_time=&f_keyword=&f_age=0&f_sex=0&f_mem1=0&f_mem2=0&f_mem3=0&f_mem4=0&f_mem5=0&f_teikei=&f_version=2&f_static=1&f_point=0&f_sort=0&f_jrdp=0&f_next=0"
"愛犬お宿 伊豆高原","https://review.travel.rakuten.co.jp/hotel/voice/155301/?f_time=&f_keyword=&f_age=0&f_sex=0&f_mem1=0&f_mem2=0&f_mem3=0&f_mem4=0&f_mem5=0&f_teikei=&f_version=2&f_static=1&f_point=0&f_sort=0&f_jrdp=0&f_next=0"
"Ｄｏｇ’ｓ Ｒｅｓｔ Ｐｌａｃｅ","https://review.travel.rakuten.co.jp/hotel/voice/149176/?f_time=&f_keyword=&f_age=0&f_sex=0&f_mem1=0&f_mem2=0&f_mem3=0&f_mem4=0&f_mem5=0&f_teikei=&f_version=2&f_static=1&f_point=0&f_sort=0&f_jrdp=0&f_next=0"
"ラフォーレ倶楽部 伊東温泉 湯の庭","https://review.travel.rakuten.co.jp/hotel/voice/153579/?f_time=&f_keyword=&f_age=0&f_sex=0&f_mem1=0&f_mem2=0&f_mem3=0&f_mem4=0&f_mem5=0&f_teikei=&f_version=2&f_static=1&f_point=0&f_sort=0&f_jrdp=0&f_next=0"
"ホテルアンビエント伊豆高原コンドミニアム","https://review.travel.rakuten.co.jp/hotel/voice/14959/?f_time=&f_keyword=&f_age=0&f_sex=0&f_mem1=0&f_mem2=0&f_mem3=0&f_mem4=0&f_mem5=0&f_teikei=&f_version=2&f_static=1&f_point=0&f_sort=0&f_jrdp=0&f_next=0"
"ペットと泊まる温泉宿 ゆるり西伊豆","https://review.travel.rakuten.co.jp/hotel/voice/180299/?f_time=&f_keyword=&f_age=0&f_sex=0&f_mem1=0&f_mem2=0&f_mem3=0&f_mem4=0&f_mem5=0&f_teikei=&f_version=2&f_static=1&f_point=0&f_sort=0&f_jrdp=0&f_next=0"
"ペットと泊まる伊豆の温泉宿 淘心庵 米屋","https://review.travel.rakuten.co.jp/hotel/voice/188849/?f_time=&f_keyword=&f_age=0&f_sex=0&f_mem1=0&f_mem2=0&f_mem3=0&f_mem4=0&f_mem5=0&f_teikei=&f_version=2&f_static=1&f_point=0&f_sort=0&f_jrdp=0&f_next=0"
"ＤＯＧ ＶＩＬＬＡＧＥ 箱根ｂｙＷＡＮＣＯＮ","https://review.travel.rakuten.co.jp/hotel/voice/184136/?f_time=&f_keyword=&f_age=0&f_sex=0&f_mem1=0&f_mem2=0&f_mem3=0&f_mem4=0&f_mem5=0&f_teikei=&f_version=2&f_static=1&f_point=0&f_sort=0&f_jrdp=0&f_next=0"
"絆 ansee","https://review.travel.rakuten.co.jp/hotel/voice/188686/?f_time=&f_keyword=&f_age=0&f_sex=0&f_mem1=0&f_mem2=0&f_mem3=0&f_mem4=0&f_mem5=0&f_teikei=&f_version=2&f_static=1&f_point=0&f_sort=0&f_jrdp=0&f_next=0"
"伊豆高原温泉リゾート 森の泉","https://review.travel.rakuten.co.jp/hotel/voice/102008/?f_time=&f_keyword=&f_age=0&f_sex=0&f_mem1=0&f_mem2=0&f_mem3=0&f_mem4=0&f_mem5=0&f_teikei=&f_version=2&f_static=1&f_point=0&f_sort=0&f_jrdp=0&f_next=0"
"アクアペンション伊豆高原","https://review.travel.rakuten.co.jp/hotel/voice/40546/?f_time=&f_keyword=&f_age=0&f_sex=0&f_mem1=0&f_mem2=0&f_mem3=0&f_mem4=0&f_mem5=0&f_teikei=&f_version=2&f_static=1&f_point=0&f_sort=0&f_jrdp=0&f_next=0"
"愛犬と過ごす海辺のお宿 ムーン・リバージュ","https://review.travel.rakuten.co.jp/hotel/voice/153202/?f_time=&f_keyword=&f_age=0&f_sex=0&f_mem1=0&f_mem2=0&f_mem3=0&f_mem4=0&f_mem5=0&f_teikei=&f_version=2&f_static=1&f_point=0&f_sort=0&f_jrdp=0&f_next=0"
"ペットと泊まる CARO FORESTA 伊豆高原 Cuore","https://review.travel.rakuten.co.jp/hotel/voice/176964/?f_time=&f_keyword=&f_age=0&f_sex=0&f_mem1=0&f_mem2=0&f_mem3=0&f_mem4=0&f_mem5=0&f_teikei=&f_version=2&f_static=1&f_point=0&f_sort=0&f_jrdp=0&f_next=0"
"Ｂａｌｉ Ｈａｉ Ｈｏｔｅｌ＆Ｖｉｌｌａｓ","https://review.travel.rakuten.co.jp/hotel/voice/184139/?f_time=&f_keyword=&f_age=0&f_sex=0&f_mem1=0&f_mem2=0&f_mem3=0&f_mem4=0&f_mem5=0&f_teikei=&f_version=2&f_static=1&f_point=0&f_sort=0&f_jrdp=0&f_next=0"
"コルテラルゴ伊豆高原","https://review.travel.rakuten.co.jp/hotel/voice/157077/?f_time=&f_keyword=&f_age=0&f_sex=0&f_mem1=0&f_mem2=0&f_mem3=0&f_mem4=0&f_mem5=0&f_teikei=&f_version=2&f_static=1&f_point=0&f_sort=0&f_jrdp=0&f_next=0"
"愛犬の駅 ＴＯＫＹＯ-ＢＡＹ 長柄","https://review.travel.rakuten.co.jp/hotel/voice/183669/?f_time=&f_keyword=&f_age=0&f_sex=0&f_mem1=0&f_mem2=0&f_mem3=0&f_mem4=0&f_mem5=0&f_teikei=&f_version=2&f_static=1&f_point=0&f_sort=0&f_jrdp=0&f_next=0"
"愛犬と泊まる宿 伊豆のうみ","https://review.travel.rakuten.co.jp/hotel/voice/180631/?f_time=&f_keyword=&f_age=0&f_sex=0&f_mem1=0&f_mem2=0&f_mem3=0&f_mem4=0&f_mem5=0&f_teikei=&f_version=2&f_static=1&f_point=0&f_sort=0&f_jrdp=0&f_next=0"
"伊豆高原ドッグリゾート ONE MORE","https://review.travel.rakuten.co.jp/hotel/voice/189282/?f_time=&f_keyword=&f_age=0&f_sex=0&f_mem1=0&f_mem2=0&f_mem3=0&f_mem4=0&f_mem5=0&f_teikei=&f_version=2&f_static=1&f_point=0&f_sort=0&f_jrdp=0&f_next=0"
"愛犬と泊まれる宿 レジーナリゾート伊豆無鄰","https://review.travel.rakuten.co.jp/hotel/voice/158586/?f_time=&f_keyword=&f_age=0&f_sex=0&f_mem1=0&f_mem2=0&f_mem3=0&f_mem4=0&f_mem5=0&f_teikei=&f_version=2&f_static=1&f_point=0&f_sort=0&f_jrdp=0&f_next=0"
"ｇｌａｍｐｉｎｇ ＢＬＡＮＣ ＩＺＵ -グランピング ブラン伊豆-","https://review.travel.rakuten.co.jp/hotel/voice/189150/?f_time=&f_keyword=&f_age=0&f_sex=0&f_mem1=0&f_mem2=0&f_mem3=0&f_mem4=0&f_mem5=0&f_teikei=&f_version=2&f_static=1&f_point=0&f_sort=0&f_jrdp=0&f_next=0"
"愛犬と泊まる温泉宿 はんなり","https://review.travel.rakuten.co.jp/hotel/voice/175828/?f_time=&f_keyword=&f_age=0&f_sex=0&f_mem1=0&f_mem2=0&f_mem3=0&f_mem4=0&f_mem5=0&f_teikei=&f_version=2&f_static=1&f_point=0&f_sort=0&f_jrdp=0&f_next=0"
"愛犬と泊まる宿 ＤＯＧ ＳＰＡ ＲＥＳＯＲＴ ＴＡＴＩＹＡＭＡ","https://review.travel.rakuten.co.jp/hotel/voice/183668/?f_time=&f_keyword=&f_age=0&f_sex=0&f_mem1=0&f_mem2=0&f_mem3=0&f_mem4=0&f_mem5=0&f_teikei=&f_version=2&f_static=1&f_point=0&f_sort=0&f_jrdp=0&f_next=0"
"ＩＮＮ ＴＨＥ ＰＡＲＫ 沼津","https://review.travel.rakuten.co.jp/hotel/voice/166663/?f_time=&f_keyword=&f_age=0&f_sex=0&f_mem1=0&f_mem2=0&f_mem3=0&f_mem4=0&f_mem5=0&f_teikei=&f_version=2&f_static=1&f_point=0&f_sort=0&f_jrdp=0&f_next=0"
"伊豆 修善寺 絆","https://review.travel.rakuten.co.jp/hotel/voice/138401/?f_time=&f_keyword=&f_age=0&f_sex=0&f_mem1=0&f_mem2=0&f_mem3=0&f_mem4=0&f_mem5=0&f_teikei=&f_version=2&f_static=1&f_point=0&f_sort=0&f_jrdp=0&f_next=0"
"修善寺温泉 湯宿 嵯峨沢館","https://review.travel.rakuten.co.jp/hotel/voice/8551/?f_time=&f_keyword=&f_age=0&f_sex=0&f_mem1=0&f_mem2=0&f_mem3=0&f_mem4=0&f_mem5=0&f_teikei=&f_version=2&f_static=1&f_point=0&f_sort=0&f_jrdp=0&f_next=0"
"総合リゾートホテル ラフォーレ修善寺","https://review.travel.rakuten.co.jp/hotel/voice/1045/?f_time=&f_keyword=&f_age=0&f_sex=0&f_mem1=0&f_mem2=0&f_mem3=0&f_mem4=0&f_mem5=0&f_teikei=&f_version=2&f_static=1&f_point=0&f_sort=0&f_jrdp=0&f_next=0"
"食べるお宿 浜の湯","https://review.travel.rakuten.co.jp/hotel/voice/14298/?f_time=&f_keyword=&f_age=0&f_sex=0&f_mem1=0&f_mem2=0&f_mem3=0&f_mem4=0&f_mem5=0&f_teikei=&f_version=2&f_static=1&f_point=0&f_sort=0&f_jrdp=0&f_next=0"
"玉峰館","https://review.travel.rakuten.co.jp/hotel/voice/144175/?f_time=&f_keyword=&f_age=0&f_sex=0&f_mem1=0&f_mem2=0&f_mem3=0&f_mem4=0&f_mem5=0&f_teikei=&f_version=2&f_static=1&f_point=0&f_sort=0&f_jrdp=0&f_next=0"
"愛犬と泊まれる宿 ＣＡＲＯ ＦＯＲＥＳＴＡ 三浦 海の家","https://review.travel.rakuten.co.jp/hotel/voice/180630/?f_time=&f_keyword=&f_age=0&f_sex=0&f_mem1=0&f_mem2=0&f_mem3=0&f_mem4=0&f_mem5=0&f_teikei=&f_version=2&f_static=1&f_point=0&f_sort=0&f_jrdp=0&f_next=0"
"愛犬と楽しむ温泉旅館 鬼怒川 絆","https://review.travel.rakuten.co.jp/hotel/voice/142385/?f_time=&f_keyword=&f_age=0&f_sex=0&f_mem1=0&f_mem2=0&f_mem3=0&f_mem4=0&f_mem5=0&f_teikei=&f_version=2&f_static=1&f_point=0&f_sort=0&f_jrdp=0&f_next=0"
"ルネッサ城ヶ崎","https://review.travel.rakuten.co.jp/hotel/voice/17495/?f_time=&f_keyword=&f_age=0&f_sex=0&f_mem1=0&f_mem2=0&f_mem3=0&f_mem4=0&f_mem5=0&f_teikei=&f_version=2&f_static=1&f_point=0&f_sort=0&f_jrdp=0&f_next=0"
"伊豆高原温泉ホテル 森の倶楽部 D-style","https://review.travel.rakuten.co.jp/hotel/voice/138138/?f_time=&f_keyword=&f_age=0&f_sex=0&f_mem1=0&f_mem2=0&f_mem3=0&f_mem4=0&f_mem5=0&f_teikei=&f_version=2&f_static=1&f_point=0&f_sort=0&f_jrdp=0&f_next=0"
"ペット＆スパホテル伊豆高原","https://review.travel.rakuten.co.jp/hotel/voice/26939/?f_time=&f_keyword=&f_age=0&f_sex=0&f_mem1=0&f_mem2=0&f_mem3=0&f_mem4=0&f_mem5=0&f_teikei=&f_version=2&f_static=1&f_point=0&f_sort=0&f_jrdp=0&f_next=0"
"Ｄｏｇ Ｐｅｎｓｉｏｎ Ｒ６５","https://review.travel.rakuten.co.jp/hotel/voice/155024/?f_time=&f_keyword=&f_age=0&f_sex=0&f_mem1=0&f_mem2=0&f_mem3=0&f_mem4=0&f_mem5=0&f_teikei=&f_version=2&f_static=1&f_point=0&f_sort=0&f_jrdp=0&f_next=0"